{
  "count": 76948,
  "next": "https://gutendex.com/books/?page=2",
  "previous": null,
  "results": [
    {
      "id": 84,
      "title": "Frankenstein; Or, The Modern Prometheus",
      "authors": [
        {
          "name": "Shelley, Mary Wollstonecraft",
          "birth_year": 1797,
          "death_year": 1851
        }
      ],
      "summaries": [
        "\"Frankenstein; Or, The Modern Prometheus\" by Mary Wollstonecraft Shelley is a novel written in the early 19th century. The story explores themes of ambition, the quest for knowledge, and the consequences of man's hubris through the experiences of Victor Frankenstein and the monstrous creation of his own making.   The opening of the book introduces Robert Walton, an ambitious explorer on a quest to discover new lands and knowledge in the icy regions of the Arctic. In his letters to his sister Margaret, he expresses both enthusiasm and the fear of isolation in his grand venture. As Walton's expedition progresses, he encounters a mysterious, emaciated stranger who has faced great suffering—furthering the intrigue of his narrative. This stranger ultimately reveals his tale of creation, loss, and the profound consequences of seeking knowledge that lies beyond human bounds. The narrative is set up in a manner that suggests a deep examination of the emotions and ethical dilemmas faced by those who dare to defy the natural order. (This is an automatically generated summary.)"
      ],
      "editors": [],
      "translators": [],
      "subjects": [
        "Frankenstein's monster (Fictitious character) -- Fiction",
        "Frankenstein, Victor (Fictitious character) -- Fiction",
        "Gothic fiction",
        "Horror tales",
        "Monsters -- Fiction",
        "Science fiction",
        "Scientists -- Fiction"
      ],
      "bookshelves": [
        "Category: British Literature",
        "Category: Classics of Literature",
        "Category: Novels",
        "Category: Science-Fiction & Fantasy",
        "Gothic Fiction",
        "Movie Books",
        "Precursors of Science Fiction",
        "Science Fiction by Women"
      ],
      "languages": [
        "en"
      ],
      "copyright": false,
      "media_type": "Text",
      "formats": {
        "text/html": "https://www.gutenberg.org/ebooks/84.html.images",
        "application/epub+zip": "https://www.gutenberg.org/ebooks/84.epub3.images",
        "application/x-mobipocket-ebook": "https://www.gutenberg.org/ebooks/84.kf8.images",
        "text/plain; charset=us-ascii": "https://www.gutenberg.org/ebooks/84.txt.utf-8",
        "application/rdf+xml": "https://www.gutenberg.org/ebooks/84.rdf",
        "image/jpeg": "https://www.gutenberg.org/cache/epub/84/pg84.cover.medium.jpg",
        "application/octet-stream": "https://www.gutenberg.org/cache/epub/84/pg84-h.zip"
      },
      "download_count": 148578
    },
    {
      "id": 2701,
      "title": "Moby Dick; Or, The Whale",
      "authors": [
        {
          "name": "Melville, Herman",
          "birth_year": 1819,
          "death_year": 1891
        }
      ],
      "summaries": [
        "\"Moby Dick; Or, The Whale\" by Herman Melville is a novel written in the mid-19th century. The story follows Ishmael, a sailor on a whaling voyage, who seeks adventure and escape from his gloomy life on land. As he embarks on this journey, he becomes drawn into the complex world of whaling and is introduced to the ominous figure of Captain Ahab, whose obsession with a legendary white whale ultimately drives the narrative.  At the start of the novel, Ishmael introduces himself and shares his philosophy about the sea as a remedy for his melancholic disposition. He muses on the magnetic pull of the ocean, describing not only his own urge to set sail but also the collective longing of city dwellers for the water. Ishmael's journey takes him to New Bedford, where he experiences a series of humorous and strange encounters while seeking lodging before joining a whaling ship. As he navigates his way through the town, he is introduced to Queequeg, a tattooed harpooner with a mysterious past, setting the stage for a unique friendship that unfolds amidst the backdrop of whaling adventures. (This is an automatically generated summary.)"
      ],
      "editors": [],
      "translators": [],
      "subjects": [
        "Adventure stories",
        "Ahab, Captain (Fictitious character) -- Fiction",
        "Mentally ill -- Fiction",
        "Psychological fiction",
        "Sea stories",
        "Ship captains -- Fiction",
        "Whales -- Fiction",
        "Whaling -- Fiction",
        "Whaling ships -- Fiction"
      ],
      "bookshelves": [
        "Best Books Ever Listings",
        "Category: Adventure",
        "Category: American Literature",
        "Category: Classics of Literature",
        "Category: Novels"
      ],
      "languages": [
        "en"
      ],
      "copyright": false,
      "media_type": "Text",
      "formats": {
        "text/html": "https://www.gutenberg.org/ebooks/2701.html.images",
        "application/epub+zip": "https://www.gutenberg.org/ebooks/2701.epub3.images",
        "application/x-mobipocket-ebook": "https://www.gutenberg.org/ebooks/2701.kf8.images",
        "text/plain; charset=us-ascii": "https://www.gutenberg.org/ebooks/2701.txt.utf-8",
        "application/rdf+xml": "https://www.gutenberg.org/ebooks/2701.rdf",
        "image/jpeg": "https://www.gutenberg.org/cache/epub/2701/pg2701.cover.medium.jpg",
        "application/octet-stream": "https://www.gutenberg.org/cache/epub/2701/pg2701-h.zip"
      },
      "download_count": 127990
    },
    {
      "id": 1513,
      "title": "Romeo and Juliet",
      "authors": [
        {
          "name": "Shakespeare, William",
          "birth_year": 1564,
          "death_year": 1616
        }
      ],
      "summaries": [
        "\"Romeo and Juliet\" by William Shakespeare is a tragedy likely written during the late 16th century. The play centers on the intense love affair between two young lovers, Romeo Montague and Juliet Capulet, whose families are embroiled in a bitter feud. Their love, while passionate and profound, is met with adversities that ultimately lead to tragic consequences.  At the start of the play, a Prologue delivered by the Chorus sets the stage for the tale of forbidden love, revealing the familial conflict that surrounds Romeo and Juliet. The opening scenes depict a public brawl ignited by the feud between the Montagues and Capulets, showcasing the hostility that envelops their lives. As we are introduced to various characters such as Benvolio, Tybalt, and Mercutio, we learn of Romeo's unrequited love for Rosaline. However, this quickly changes when Romeo encounters Juliet at the Capulet ball, where they share a famous and romantic exchange, unwittingly falling in love with each other despite their families' bitter enmity. This initial encounter foreshadows the obstacles they will face as their love story unfolds amidst chaos and conflict. (This is an automatically generated summary.)"
      ],
      "editors": [],
      "translators": [],
      "subjects": [
        "Conflict of generations -- Drama",
        "Juliet (Fictitious character) -- Drama",
        "Romeo (Fictitious character) -- Drama",
        "Tragedies (Drama)",
        "Vendetta -- Drama",
        "Verona (Italy) -- Drama",
        "Youth -- Drama"
      ],
      "bookshelves": [
        "Category: British Literature",
        "Category: Classics of Literature",
        "Category: Plays/Films/Dramas",
        "Category: Romance"
      ],
      "languages": [
        "en"
      ],
      "copyright": false,
      "media_type": "Text",
      "formats": {
        "text/html": "https://www.gutenberg.org/ebooks/1513.html.images",
        "application/epub+zip": "https://www.gutenberg.org/ebooks/1513.epub3.images",
        "application/x-mobipocket-ebook": "https://www.gutenberg.org/ebooks/1513.kf8.images",
        "text/plain; charset=us-ascii": "https://www.gutenberg.org/ebooks/1513.txt.utf-8",
        "application/rdf+xml": "https://www.gutenberg.org/ebooks/1513.rdf",
        "image/jpeg": "https://www.gutenberg.org/cache/epub/1513/pg1513.cover.medium.jpg",
        "application/octet-stream": "https://www.gutenberg.org/cache/epub/1513/pg1513-h.zip"
      },
      "download_count": 85144
    },
    {
      "id": 1342,
      "title": "Pride and Prejudice",
      "authors": [
        {
          "name": "Austen, Jane",
          "birth_year": 1775,
          "death_year": 1817
        }
      ],
      "summaries": [
        "\"Pride and Prejudice\" by Jane Austen is a classic novel written in the early 19th century. The story delves into themes of love, social class, and individual agency, largely revolving around the life of Elizabeth Bennet, one of five sisters from a modest but genteel family navigating the complex social landscape of Regency England.  The opening of the novel introduces the seemingly universal truth that a single man of wealth is a target for matchmaking mothers in the neighborhood. Mrs. Bennet is eager to marry off her daughters and is excited to hear about the arrival of Mr. Bingley, a wealthy young man who has taken up residence at Netherfield Park. Mr. Bennet's teasing yet indifferent nature contrasts sharply with Mrs. Bennet's anxious and businesslike demeanor as she plans to visit Mr. Bingley to create an opportunity for her daughters. Their witty exchanges set the tone for the story's exploration of family dynamics and social expectations, while also hinting at deeper character developments and the challenges Elizabeth will face regarding love and prejudice in her interactions with Mr. Darcy and the Bingley family. (This is an automatically generated summary.)"
      ],
      "editors": [],
      "translators": [],
      "subjects": [
        "Courtship -- Fiction",
        "Domestic fiction",
        "England -- Fiction",
        "Love stories",
        "Sisters -- Fiction",
        "Social classes -- Fiction",
        "Young women -- Fiction"
      ],
      "bookshelves": [
        "Best Books Ever Listings",
        "Category: British Literature",
        "Category: Classics of Literature",
        "Category: Novels",
        "Category: Romance",
        "Harvard Classics"
      ],
      "languages": [
        "en"
      ],
      "copyright": false,
      "media_type": "Text",
      "formats": {
        "text/html": "https://www.gutenberg.org/ebooks/1342.html.images",
        "application/epub+zip": "https://www.gutenberg.org/ebooks/1342.epub3.images",
        "application/x-mobipocket-ebook": "https://www.gutenberg.org/ebooks/1342.kf8.images",
        "text/plain; charset=us-ascii": "https://www.gutenberg.org/ebooks/1342.txt.utf-8",
        "application/rdf+xml": "https://www.gutenberg.org/ebooks/1342.rdf",
        "image/jpeg": "https://www.gutenberg.org/cache/epub/1342/pg1342.cover.medium.jpg",
        "application/octet-stream": "https://www.gutenberg.org/cache/epub/1342/pg1342-h.zip"
      },
      "download_count": 79774
    },
    {
      "id": 11,
      "title": "Alice's Adventures in Wonderland",
      "authors": [
        {
          "name": "Carroll, Lewis",
          "birth_year": 1832,
          "death_year": 1898
        }
      ],
      "summaries": [
        "\"Alice's Adventures in Wonderland\" by Lewis Carroll is a classic children's novel written in the mid-19th century. The story follows a young girl named Alice who, feeling bored and sleepy while sitting by a riverbank, encounters a White Rabbit and follows it down a rabbit hole, plunging into a fantastical world filled with curious creatures and whimsical adventures.  The opening of the book introduces Alice as she daydreams about her surroundings before spotting the White Rabbit, who is both flustered and animated. Curious, Alice pursues the Rabbit and finds herself tumbling down a deep rabbit hole, leading to a curious hall filled with doors, all locked. After experiencing a series of bizarre changes in size from eating and drinking mysterious substances, she begins exploring this new world, initially frustrated by her newfound challenges as she navigates her size and the peculiar inhabitants she meets. The narrative sets the tone for Alice's whimsical and often nonsensical adventures that characterize the entire tale. (This is an automatically generated summary.)"
      ],
      "editors": [],
      "translators": [],
      "subjects": [
        "Alice (Fictitious character from Carroll) -- Juvenile fiction",
        "Children's stories",
        "Fantasy fiction",
        "Imaginary places -- Juvenile fiction"
      ],
      "bookshelves": [
        "Category: British Literature",
        "Category: Children & Young Adult Reading",
        "Category: Classics of Literature",
        "Category: Novels",
        "Children's Literature"
      ],
      "languages": [
        "en"
      ],
      "copyright": false,
      "media_type": "Text",
      "formats": {
        "text/html": "https://www.gutenberg.org/ebooks/11.html.images",
        "application/epub+zip": "https://www.gutenberg.org/ebooks/11.epub3.images",
        "application/x-mobipocket-ebook": "https://www.gutenberg.org/ebooks/11.kf8.images",
        "text/plain; charset=us-ascii": "https://www.gutenberg.org/ebooks/11.txt.utf-8",
        "application/rdf+xml": "https://www.gutenberg.org/ebooks/11.rdf",
        "image/jpeg": "https://www.gutenberg.org/cache/epub/11/pg11.cover.medium.jpg",
        "application/octet-stream": "https://www.gutenberg.org/cache/epub/11/pg11-h.zip"
      },
      "download_count": 72175
    },
    {
      "id": 16328,
      "title": "Beowulf: An Anglo-Saxon Epic Poem",
      "authors": [],
      "summaries": [
        "\"Beowulf: An Anglo-Saxon Epic Poem\" by J. Lesslie Hall is an epic poem written in the late 19th century. The narrative focuses on the heroic figure Beowulf, a warrior from Geatland, who seeks to help Hrothgar, the Danish king, rid his land of the monstrous creature Grendel that has been terrorizing his mead-hall. This tale weaves themes of heroism, loyalty, and the struggle between good and evil, set against the backdrop of the early medieval period.  The opening of the poem introduces the legacy of Scyld, the founding king of the Danes, and his great lineage, leading up to Hrothgar's reign. After building Heorot, a grand mead-hall, Hrothgar faces despair as Grendel attacks nightly, slaughtering his warriors. Word of Hrothgar's plight reaches Beowulf, who decides to journey to the Danes with a band of fourteen warriors to confront Grendel. The scene is set for a monumental clash between the might of Beowulf and the terror of Grendel, emphasizing the values of strength, courage, and honor that define the epic tradition. (This is an automatically generated summary.)"
      ],
      "editors": [],
      "translators": [
        {
          "name": "Hall, J. Lesslie (John Lesslie)",
          "birth_year": 1856,
          "death_year": 1928
        }
      ],
      "subjects": [
        "Dragons -- Poetry",
        "Epic poetry, English (Old)",
        "Monsters -- Poetry"
      ],
      "bookshelves": [
        "Category: British Literature",
        "Category: Classics of Literature",
        "Category: Mythology, Legends & Folklore",
        "Category: Poetry",
        "Poetry"
      ],
      "languages": [
        "en"
      ],
      "copyright": false,
      "media_type": "Text",
      "formats": {
        "text/html": "https://www.gutenberg.org/ebooks/16328.html.images",
        "application/epub+zip": "https://www.gutenberg.org/ebooks/16328.epub3.images",
        "application/x-mobipocket-ebook": "https://www.gutenberg.org/ebooks/16328.kf8.images",
        "text/plain; charset=us-ascii": "https://www.gutenberg.org/ebooks/16328.txt.utf-8",
        "application/rdf+xml": "https://www.gutenberg.org/ebooks/16328.rdf",
        "image/jpeg": "https://www.gutenberg.org/cache/epub/16328/pg16328.cover.medium.jpg",
        "application/octet-stream": "https://www.gutenberg.org/cache/epub/16328/pg16328-h.zip"
      },
      "download_count": 62301
    },
    {
      "id": 2641,
      "title": "A Room with a View",
      "authors": [
        {
          "name": "Forster, E. M. (Edward Morgan)",
          "birth_year": 1879,
          "death_year": 1970
        }
      ],
      "summaries": [
        "\"A Room with a View\" by E. M. Forster is a novel written during the early 20th century, which explores themes of social conventions and personal freedom. Set primarily in Italy and England, the narrative follows the journey of Lucy Honeychurch, a young woman navigating her feelings about love, societal expectations, and her own desires against the backdrop of her experiences abroad.  The opening of the story introduces the character of Lucy and her cousin Charlotte Bartlett as they arrive at the Pension Bertolini in Florence. Disappointed by the accommodation’s lack of a promised view, they bicker about their arrangements. Lucy's eagerness to experience Italy conflicts with Charlotte's more cautious demeanor. Here, the reader meets Mr. Emerson and his son George, who challenge the norms of polite society, offering their rooms to Lucy and Charlotte out of kindness, which Charlotte initially declines. The tension between personal desires and societal expectations is palpable, setting the stage for Lucy's internal conflict and her eventual blossoming into independence and self-discovery. (This is an automatically generated summary.)"
      ],
      "editors": [],
      "translators": [],
      "subjects": [
        "British -- Italy -- Fiction",
        "England -- Fiction",
        "Florence (Italy) -- Fiction",
        "Humorous stories",
        "Young women -- Fiction"
      ],
      "bookshelves": [
        "Category: British Literature",
        "Category: Novels",
        "Category: Romance",
        "Italy"
      ],
      "languages": [
        "en"
      ],
      "copyright": false,
      "media_type": "Text",
      "formats": {
        "text/html": "https://www.gutenberg.org/ebooks/2641.html.images",
        "application/epub+zip": "https://www.gutenberg.org/ebooks/2641.epub3.images",
        "application/x-mobipocket-ebook": "https://www.gutenberg.org/ebooks/2641.kf8.images",
        "text/plain; charset=us-ascii": "https://www.gutenberg.org/ebooks/2641.txt.utf-8",
        "application/rdf+xml": "https://www.gutenberg.org/ebooks/2641.rdf",
        "image/jpeg": "https://www.gutenberg.org/cache/epub/2641/pg2641.cover.medium.jpg",
        "application/octet-stream": "https://www.gutenberg.org/cache/epub/2641/pg2641-h.zip"
      },
      "download_count": 58157
    },
    {
      "id": 100,
      "title": "The Complete Works of William Shakespeare",
      "authors": [
        {
          "name": "Shakespeare, William",
          "birth_year": 1564,
          "death_year": 1616
        }
      ],
      "summaries": [
        "\"The Complete Works of William Shakespeare\" by William Shakespeare is a collection of classic literary works written in the late 16th to early 17th centuries. This comprehensive anthology includes a wide range of genres, encompassing sonnets, comedies, histories, and tragedies, all showcasing Shakespeare's unparalleled mastery of language and character development. Important themes such as love, ambition, betrayal, and the complexities of human nature resonate throughout these timeless pieces.  At the start of this collection, the reader is immediately introduced to Shakespeare's \"Sonnets,\" which serve as an eloquent prelude to his themes of love and beauty. These opening verses explore the fleeting nature of beauty and time, with a poignant focus on the necessity of procreation to preserve youthful beauty. The sonnets address a young man of remarkable beauty and the poet's passionate urge for him to reproduce, emphasizing the tensions between self-love and the desire for legacy. Through rhythmic language and rich imagery, the sonnets present a universal contemplation on love, mortality, and the human experience, inviting readers to engage deeply with concepts that remain relevant today. (This is an automatically generated summary.)"
      ],
      "editors": [],
      "translators": [],
      "subjects": [
        "English drama -- Early modern and Elizabethan, 1500-1600"
      ],
      "bookshelves": [
        "Category: British Literature",
        "Category: Classics of Literature",
        "Category: Plays/Films/Dramas",
        "Category: Poetry",
        "Plays"
      ],
      "languages": [
        "en"
      ],
      "copyright": false,
      "media_type": "Text",
      "formats": {
        "text/html": "https://www.gutenberg.org/ebooks/100.html.images",
        "application/epub+zip": "https://www.gutenberg.org/ebooks/100.epub3.images",
        "application/x-mobipocket-ebook": "https://www.gutenberg.org/ebooks/100.kf8.images",
        "text/plain; charset=us-ascii": "https://www.gutenberg.org/ebooks/100.txt.utf-8",
        "application/rdf+xml": "https://www.gutenberg.org/ebooks/100.rdf",
        "image/jpeg": "https://www.gutenberg.org/cache/epub/100/pg100.cover.medium.jpg",
        "application/octet-stream": "https://www.gutenberg.org/cache/epub/100/pg100-h.zip"
      },
      "download_count": 57471
    },
    {
      "id": 145,
      "title": "Middlemarch",
      "authors": [
        {
          "name": "Eliot, George",
          "birth_year": 1819,
          "death_year": 1880
        }
      ],
      "summaries": [
        "\"Middlemarch\" by George Eliot is a novel written in the mid-19th century that explores the lives and interactions of residents in a provincial English town. The story primarily centers around Dorothea Brooke, a young woman with high ideals and aspirations for a meaningful life, who grapples with her search for love and purpose amid societal expectations. The novel addresses themes of marriage, ambition, and the intersection of personal and social values in a rapidly changing world.  At the start of the novel, we are introduced to Miss Brooke, who is depicted as a strikingly beautiful and intelligent young woman, yet may be seen as eccentric due to her lofty aspirations and disregard for societal norms. She lives with her sister Celia and their uncle, Mr. Brooke, in a quiet country house, harboring dreams of making a significant impact on the world. As the opening chapters unfold, we see her rejection of traditional feminine pursuits and her desire to be with a man of intellect who can match her aspirations. Important characters such as the learned Reverend Edward Casaubon and the kind Sir James Chettam emerge, each representing different paths and values that will challenge Dorothea in her quest for fulfillment. The complexities of their interactions are foreshadowed early on, setting the stage for a rich exploration of human relationships and personal growth. (This is an automatically generated summary.)"
      ],
      "editors": [],
      "translators": [],
      "subjects": [
        "Bildungsromans",
        "City and town life -- Fiction",
        "Didactic fiction",
        "Domestic fiction",
        "England -- Fiction",
        "Love stories",
        "Married people -- Fiction",
        "Young women -- Fiction"
      ],
      "bookshelves": [
        "Best Books Ever Listings",
        "Category: British Literature",
        "Category: Classics of Literature",
        "Category: Novels",
        "Historical Fiction"
      ],
      "languages": [
        "en"
      ],
      "copyright": false,
      "media_type": "Text",
      "formats": {
        "text/html": "https://www.gutenberg.org/ebooks/145.html.images",
        "application/epub+zip": "https://www.gutenberg.org/ebooks/145.epub3.images",
        "application/x-mobipocket-ebook": "https://www.gutenberg.org/ebooks/145.kf8.images",
        "text/plain; charset=us-ascii": "https://www.gutenberg.org/ebooks/145.txt.utf-8",
        "application/rdf+xml": "https://www.gutenberg.org/ebooks/145.rdf",
        "image/jpeg": "https://www.gutenberg.org/cache/epub/145/pg145.cover.medium.jpg",
        "application/octet-stream": "https://www.gutenberg.org/cache/epub/145/pg145-h.zip"
      },
      "download_count": 56962
    },
    {
      "id": 37106,
      "title": "Little Women; Or, Meg, Jo, Beth, and Amy",
      "authors": [
        {
          "name": "Alcott, Louisa May",
          "birth_year": 1832,
          "death_year": 1888
        }
      ],
      "summaries": [
        "\"Little Women; Or, Meg, Jo, Beth, and Amy\" by Louisa May Alcott is a classic novel written in the mid-19th century. The story revolves around the lives and experiences of four sisters—Meg, Jo, Beth, and Amy March—as they navigate the challenges of growing up in a modest household during the American Civil War. The novel explores themes of family, sacrifice, and the pursuit of personal dreams, showcasing the distinct personalities and aspirations of each sister.  The opening of the book introduces readers to the March sisters, who are grappling with their financial struggles and longing for a more comfortable life. As they gather around the fire to express their frustrations about being poor, their mother reinforces the idea that they should embrace gratitude and make sacrifices for those suffering during the war, particularly their father, who is away serving as a chaplain. This chapter sets the tone for the sisters' individual journeys, highlighting their different approaches to hardship—Meg longs for material wealth, Jo is a spirited tomboy who craves independence, Beth is the gentle peacemaker, and Amy is the aspiring artist concerned with appearances. Through their interactions and hopes, Alcott paints a vivid picture of their lives, filled with warmth, humor, and the bonds of sisterhood. (This is an automatically generated summary.)"
      ],
      "editors": [],
      "translators": [],
      "subjects": [
        "Autobiographical fiction",
        "Bildungsromans",
        "Domestic fiction",
        "Family life -- New England -- Fiction",
        "March family (Fictitious characters) -- Fiction",
        "Mothers and daughters -- Fiction",
        "New England -- Fiction",
        "Sisters -- Fiction",
        "Young women -- Fiction"
      ],
      "bookshelves": [
        "Category: American Literature",
        "Category: Children & Young Adult Reading",
        "Category: Classics of Literature",
        "Category: Novels"
      ],
      "languages": [
        "en"
      ],
      "copyright": false,
      "media_type": "Text",
      "formats": {
        "text/html": "https://www.gutenberg.org/ebooks/37106.html.images",
        "application/epub+zip": "https://www.gutenberg.org/ebooks/37106.epub3.images",
        "application/x-mobipocket-ebook": "https://www.gutenberg.org/ebooks/37106.kf8.images",
        "text/plain; charset=us-ascii": "https://www.gutenberg.org/ebooks/37106.txt.utf-8",
        "application/rdf+xml": "https://www.gutenberg.org/ebooks/37106.rdf",
        "image/jpeg": "https://www.gutenberg.org/cache/epub/37106/pg37106.cover.medium.jpg",
        "application/octet-stream": "https://www.gutenberg.org/cache/epub/37106/pg37106-h.zip"
      },
      "download_count": 55269
    },
    {
      "id": 43,
      "title": "The Strange Case of Dr. Jekyll and Mr. Hyde",
      "authors": [
        {
          "name": "Stevenson, Robert Louis",
          "birth_year": 1850,
          "death_year": 1894
        }
      ],
      "summaries": [
        "\"The Strange Case of Dr. Jekyll and Mr. Hyde\" by Robert Louis Stevenson is a novella written during the late 19th century that delves into the duality of human nature and the struggle between good and evil. The narrative follows Mr. Utterson, a lawyer, as he investigates the mysterious relationship between his friend, Dr. Jekyll, and the sinister Mr. Hyde, uncovering dark secrets that test the boundaries of morality.  At the start of the novella, we meet Mr. Utterson and his distant cousin, Mr. Enfield, who discuss a strange door that Enfield associates with a disturbing story about Hyde trampling a young girl and displaying an unsettling demeanor. Utterson becomes increasingly intrigued by Hyde, especially when he discovers that Hyde stands to inherit Jekyll's wealth upon the doctor's disappearance. The text evokes a sense of foreboding as Utterson grapples with his concerns for Jekyll's welfare while unraveling the enigma surrounding Hyde, whose appearance elicits an inexplicable sense of dread. As the tale unfolds, it sets the stage for a profound exploration of identity, shame, and the darker aspects of human behavior. (This is an automatically generated summary.)"
      ],
      "editors": [],
      "translators": [],
      "subjects": [
        "Horror tales",
        "London (England) -- Fiction",
        "Multiple personality -- Fiction",
        "Physicians -- Fiction",
        "Psychological fiction",
        "Science fiction",
        "Self-experimentation in medicine -- Fiction"
      ],
      "bookshelves": [
        "Category: British Literature",
        "Category: Classics of Literature",
        "Category: Crime, Thrillers and Mystery",
        "Category: Novels",
        "Horror",
        "Movie Books",
        "Precursors of Science Fiction"
      ],
      "languages": [
        "en"
      ],
      "copyright": false,
      "media_type": "Text",
      "formats": {
        "text/html": "https://www.gutenberg.org/ebooks/43.html.images",
        "application/epub+zip": "https://www.gutenberg.org/ebooks/43.epub3.images",
        "application/x-mobipocket-ebook": "https://www.gutenberg.org/ebooks/43.kf8.images",
        "text/plain; charset=us-ascii": "https://www.gutenberg.org/ebooks/43.txt.utf-8",
        "application/rdf+xml": "https://www.gutenberg.org/ebooks/43.rdf",
        "image/jpeg": "https://www.gutenberg.org/cache/epub/43/pg43.cover.medium.jpg",
        "application/octet-stream": "https://www.gutenberg.org/files/43/43-0.zip"
      },
      "download_count": 54881
    },
    {
      "id": 25344,
      "title": "The Scarlet Letter",
      "authors": [
        {
          "name": "Hawthorne, Nathaniel",
          "birth_year": 1804,
          "death_year": 1864
        }
      ],
      "summaries": [
        "\"The Scarlet Letter\" by Nathaniel Hawthorne is a classic novel written in the mid-19th century. The book delves into themes of sin, guilt, and redemption, primarily exploring the life of Hester Prynne, a woman shunned by her Puritan community after bearing an illegitimate child. Through her experiences and struggles, the narrative examines the societal and personal ramifications of moral transgressions.  At the start of the novel, the author introduces the setting, a dilapidated jail in colonial Boston, where a crowd has gathered to witness the punishment of Hester Prynne. The scene conveys a deep sense of Puritanical severity, showing the townspeople's intense scrutiny over Hester, who stands accused of adultery. Hawthorne sets a somber tone as he describes the prison and its surroundings, including a wild rosebush that offers a stark contrast to the grimness of the prison, symbolizing hope and compassion amidst human frailty. (This is an automatically generated summary.)"
      ],
      "editors": [],
      "translators": [],
      "subjects": [
        "Adultery -- Fiction",
        "Boston (Mass.) -- History -- Colonial period, ca. 1600-1775 -- Fiction",
        "Clergy -- Fiction",
        "Historical fiction",
        "Illegitimate children -- Fiction",
        "Married women -- Fiction",
        "Psychological fiction",
        "Puritans -- Fiction",
        "Revenge -- Fiction",
        "Triangles (Interpersonal relations) -- Fiction",
        "Women immigrants -- Fiction"
      ],
      "bookshelves": [
        "Banned Books from Anne Haight's list",
        "Category: American Literature",
        "Category: Classics of Literature",
        "Category: Novels"
      ],
      "languages": [
        "en"
      ],
      "copyright": false,
      "media_type": "Text",
      "formats": {
        "text/html": "https://www.gutenberg.org/ebooks/25344.html.images",
        "application/epub+zip": "https://www.gutenberg.org/ebooks/25344.epub3.images",
        "application/x-mobipocket-ebook": "https://www.gutenberg.org/ebooks/25344.kf8.images",
        "text/plain; charset=us-ascii": "https://www.gutenberg.org/ebooks/25344.txt.utf-8",
        "application/rdf+xml": "https://www.gutenberg.org/ebooks/25344.rdf",
        "image/jpeg": "https://www.gutenberg.org/cache/epub/25344/pg25344.cover.medium.jpg",
        "application/octet-stream": "https://www.gutenberg.org/cache/epub/25344/pg25344-h.zip"
      },
      "download_count": 48172
    },
    {
      "id": 67979,
      "title": "The Blue Castle: a novel",
      "authors": [
        {
          "name": "Montgomery, L. M. (Lucy Maud)",
          "birth_year": 1874,
          "death_year": 1942
        }
      ],
      "summaries": [
        "\"The Blue Castle\" by L. M. Montgomery is a novel written in the early 20th century. The story centers around Valancy Stirling, a nearly thirty-year-old woman who feels trapped in her life as an unmarried woman in a family that shows little regard for her. The opening of the novel introduces Valancy's bleak existence, characterized by a suffocating home life and a longing for romance and meaning that she has never experienced.  At the start of the book, Valancy awakens on a rainy morning weighed down by her impending birthday and the realization of her unfulfilled life. As she reflects on her circumstances, the reader gains insight into her despair and her dreams of an idealized life represented by her fantastical \"Blue Castle.\" She feels oppressed by her family's expectations and by her status as a \"hopeless old maid.\" Valancy's introspection reveals both her sense of humor and her deep-rooted sorrow, setting the stage for the profound changes that her impending fate may bring. The subsequent narrative promises to explore themes of self-discovery and rebellion against familial constraints as Valancy contemplates her situation. (This is an automatically generated summary.)"
      ],
      "editors": [],
      "translators": [],
      "subjects": [
        "Canada -- History -- 1914-1945 -- Fiction",
        "Choice (Psychology) -- Fiction",
        "Love -- Fiction",
        "Romance fiction",
        "Self-actualization (Psychology) -- Fiction",
        "Single women -- Fiction",
        "Young adult fiction"
      ],
      "bookshelves": [
        "Category: Novels",
        "Category: Romance"
      ],
      "languages": [
        "en"
      ],
      "copyright": false,
      "media_type": "Text",
      "formats": {
        "text/html": "https://www.gutenberg.org/ebooks/67979.html.images",
        "application/epub+zip": "https://www.gutenberg.org/ebooks/67979.epub3.images",
        "application/x-mobipocket-ebook": "https://www.gutenberg.org/ebooks/67979.kf8.images",
        "text/plain; charset=us-ascii": "https://www.gutenberg.org/ebooks/67979.txt.utf-8",
        "application/rdf+xml": "https://www.gutenberg.org/ebooks/67979.rdf",
        "image/jpeg": "https://www.gutenberg.org/cache/epub/67979/pg67979.cover.medium.jpg",
        "application/octet-stream": "https://www.gutenberg.org/cache/epub/67979/pg67979-h.zip"
      },
      "download_count": 46306
    },
    {
      "id": 16389,
      "title": "The Enchanted April",
      "authors": [
        {
          "name": "Von Arnim, Elizabeth",
          "birth_year": 1866,
          "death_year": 1941
        }
      ],
      "summaries": [
        "\"The Enchanted April\" by Elizabeth Von Arnim is a novel written in the early 20th century. The story revolves around four women who seek a transformative escape from their mundane lives in cold, rainy England to the alluring sunshine of a mediaeval castle in Italy. The main characters introduced are Mrs. Wilkins and Mrs. Arbuthnot, both of whom are discontented with their respective circumstances and longing for a change.  At the start of the novel, Mrs. Wilkins, feeling trapped in her drab life, stumbles upon an advertisement for a rental castle in Italy while at a Women's Club in London. Drawn to the idea of warmth and beauty, she impulsively starts a conversation with the similarly yearning Mrs. Arbuthnot. As they discuss the advertisement, an unexpected bond forms, leading them to consider sharing the castle with two other women to make the plan financially feasible. This opening sets the stage for an uplifting journey where the characters’ quest for personal joy and freedom unfolds against the backdrop of picturesque Italy, suggesting themes of self-discovery and the rejuvenating power of adventure. (This is an automatically generated summary.)"
      ],
      "editors": [],
      "translators": [],
      "subjects": [
        "British -- Italy -- Fiction",
        "Domestic fiction",
        "Female friendship -- Fiction",
        "Italy -- Fiction",
        "Love stories"
      ],
      "bookshelves": [
        "Bestsellers, American, 1895-1923",
        "Category: British Literature",
        "Category: Novels"
      ],
      "languages": [
        "en"
      ],
      "copyright": false,
      "media_type": "Text",
      "formats": {
        "text/html": "https://www.gutenberg.org/ebooks/16389.html.images",
        "application/epub+zip": "https://www.gutenberg.org/ebooks/16389.epub3.images",
        "application/x-mobipocket-ebook": "https://www.gutenberg.org/ebooks/16389.kf8.images",
        "text/plain; charset=us-ascii": "https://www.gutenberg.org/ebooks/16389.txt.utf-8",
        "application/rdf+xml": "https://www.gutenberg.org/ebooks/16389.rdf",
        "image/jpeg": "https://www.gutenberg.org/cache/epub/16389/pg16389.cover.medium.jpg",
        "application/octet-stream": "https://www.gutenberg.org/cache/epub/16389/pg16389-h.zip"
      },
      "download_count": 45684
    },
    {
      "id": 3207,
      "title": "Leviathan",
      "authors": [
        {
          "name": "Hobbes, Thomas",
          "birth_year": 1588,
          "death_year": 1679
        }
      ],
      "summaries": [
        "\"Leviathan\" by Thomas Hobbes is a philosophical treatise written in the mid-17th century. The book explores the structure of society and legitimate government and creates an objective science of morality. Hobbes argues for a strong central authority to avoid chaos and civil war, emphasizing the social contract and the necessity of a sovereign power to maintain order and protect citizens.  The opening of \"Leviathan\" sets the stage for Hobbes' exploration of human nature and the foundations of society. He begins by discussing the concept of an artificial man, the Common-wealth, likening it to a great Leviathan created through social contracts among individuals. Hobbes emphasizes the importance of understanding human desires, fears, and the underlying motivations that drive individuals to form societies, laying the foundation for his arguments about governance, civil order, and the relationship between individuals and authority. Through a direct and analytical style, Hobbes invites readers to reflect on the complexities of human motivations and their impact on societal structures. (This is an automatically generated summary.)"
      ],
      "editors": [],
      "translators": [],
      "subjects": [
        "Political science -- Early works to 1800",
        "State, The -- Early works to 1800"
      ],
      "bookshelves": [
        "Category: History - Early Modern (c. 1450-1750)",
        "Category: Philosophy & Ethics",
        "Harvard Classics",
        "Politics"
      ],
      "languages": [
        "en"
      ],
      "copyright": false,
      "media_type": "Text",
      "formats": {
        "text/html": "https://www.gutenberg.org/ebooks/3207.html.images",
        "application/epub+zip": "https://www.gutenberg.org/ebooks/3207.epub3.images",
        "application/x-mobipocket-ebook": "https://www.gutenberg.org/ebooks/3207.kf8.images",
        "text/plain; charset=us-ascii": "https://www.gutenberg.org/ebooks/3207.txt.utf-8",
        "application/rdf+xml": "https://www.gutenberg.org/ebooks/3207.rdf",
        "image/jpeg": "https://www.gutenberg.org/cache/epub/3207/pg3207.cover.medium.jpg",
        "application/octet-stream": "https://www.gutenberg.org/cache/epub/3207/pg3207-h.zip"
      },
      "download_count": 45442
    },
    {
      "id": 1260,
      "title": "Jane Eyre: An Autobiography",
      "authors": [
        {
          "name": "Brontë, Charlotte",
          "birth_year": 1816,
          "death_year": 1855
        }
      ],
      "summaries": [
        "\"Jane Eyre: An Autobiography\" by Charlotte Brontë is a novel written in the early 19th century, specifically during the Victorian era. The story centers around Jane Eyre, an orphaned girl who faces hardship and oppression while growing up in the unkind household of her aunt, Mrs. Reed. The narrative unfolds her struggles against social class constraints and personal adversities as she searches for love, belonging, and independence.  The opening of the novel introduces us to Jane Eyre's bleak existence at Gateshead Hall, where she lives with her aunt and cousins. As a child, Jane is mistreated by her relatives, particularly her cousin John Reed, who bullies her relentlessly. Following a confrontation with John, Jane is punished by being locked in the \"red-room,\" a place associated with fear and isolation, which deepens her feelings of alienation and resentment. This initial section sets the tone for Jane's journey as it highlights her passionate spirit and desire for justice, laying the groundwork for her development and the challenges she will face in her quest for a place where she truly belongs. (This is an automatically generated summary.)"
      ],
      "editors": [],
      "translators": [],
      "subjects": [
        "Bildungsromans",
        "Charity-schools -- Fiction",
        "Country homes -- Fiction",
        "England -- Fiction",
        "Fathers and daughters -- Fiction",
        "Governesses -- Fiction",
        "Love stories",
        "Married people -- Fiction",
        "Mentally ill women -- Fiction",
        "Orphans -- Fiction",
        "Young women -- Fiction"
      ],
      "bookshelves": [
        "Category: British Literature",
        "Category: Classics of Literature",
        "Category: Novels",
        "Category: Romance"
      ],
      "languages": [
        "en"
      ],
      "copyright": false,
      "media_type": "Text",
      "formats": {
        "text/html": "https://www.gutenberg.org/ebooks/1260.html.images",
        "application/epub+zip": "https://www.gutenberg.org/ebooks/1260.epub3.images",
        "application/x-mobipocket-ebook": "https://www.gutenberg.org/ebooks/1260.kf8.images",
        "text/plain; charset=us-ascii": "https://www.gutenberg.org/ebooks/1260.txt.utf-8",
        "application/rdf+xml": "https://www.gutenberg.org/ebooks/1260.rdf",
        "image/jpeg": "https://www.gutenberg.org/cache/epub/1260/pg1260.cover.medium.jpg",
        "application/octet-stream": "https://www.gutenberg.org/cache/epub/1260/pg1260-h.zip"
      },
      "download_count": 45394
    },
    {
      "id": 345,
      "title": "Dracula",
      "authors": [
        {
          "name": "Stoker, Bram",
          "birth_year": 1847,
          "death_year": 1912
        }
      ],
      "summaries": [
        "\"Dracula\" by Bram Stoker is a Gothic horror novel written in the late 19th century. The story unfolds through a series of letters, journal entries, and newspaper clippings, primarily following the experiences of Jonathan Harker, a young English solicitor. Harker’s journey takes him to Transylvania, where he encounters the enigmatic Count Dracula, setting a thrilling and mysterious tone that delves into themes of fear, seduction, and the supernatural.  The opening of the novel presents Jonathan Harker’s journal entries, marking the beginning of his travels to meet Count Dracula regarding a real estate transaction. Harker describes his train journey through the picturesque landscapes of eastern Europe, highlighting the eerie atmosphere and local superstitions that hint at the challenges he will face. Upon arriving at the Count's castle, Harker senses unease, especially when local villagers express concern and give him protective charms against evil spirits. The tension escalates as Harker meets Dracula, who, while courteous, exhibits strange and unsettling behavior. Kafkaesque and claustrophobic, the initial chapters effectively set the stage for Harker’s realization that he is trapped in Dracula’s world, creating an eerie, suspenseful foundation for the unfolding narrative. (This is an automatically generated summary.)"
      ],
      "editors": [],
      "translators": [],
      "subjects": [
        "Dracula, Count (Fictitious character) -- Fiction",
        "Epistolary fiction",
        "Gothic fiction",
        "Horror tales",
        "Transylvania (Romania) -- Fiction",
        "Vampires -- Fiction",
        "Whitby (England) -- Fiction"
      ],
      "bookshelves": [
        "Category: British Literature",
        "Category: Classics of Literature",
        "Category: Crime, Thrillers and Mystery",
        "Category: Novels",
        "Category: Science-Fiction & Fantasy",
        "Gothic Fiction",
        "Horror",
        "Movie Books",
        "Mystery Fiction"
      ],
      "languages": [
        "en"
      ],
      "copyright": false,
      "media_type": "Text",
      "formats": {
        "text/html": "https://www.gutenberg.org/ebooks/345.html.images",
        "application/epub+zip": "https://www.gutenberg.org/ebooks/345.epub3.images",
        "application/x-mobipocket-ebook": "https://www.gutenberg.org/ebooks/345.kf8.images",
        "text/plain; charset=us-ascii": "https://www.gutenberg.org/ebooks/345.txt.utf-8",
        "application/rdf+xml": "https://www.gutenberg.org/ebooks/345.rdf",
        "image/jpeg": "https://www.gutenberg.org/cache/epub/345/pg345.cover.medium.jpg",
        "application/octet-stream": "https://www.gutenberg.org/cache/epub/345/pg345-h.zip"
      },
      "download_count": 43828
    },
    {
      "id": 1259,
      "title": "Twenty years after",
      "authors": [
        {
          "name": "Dumas, Alexandre",
          "birth_year": 1802,
          "death_year": 1870
        },
        {
          "name": "Maquet, Auguste",
          "birth_year": 1813,
          "death_year": 1888
        }
      ],
      "summaries": [
        "\"Twenty Years After\" by Alexandre Dumas and Auguste Maquet is a historical novel written in the mid-19th century. It serves as the sequel to \"The Three Musketeers\" and continues the adventurous saga of D'Artagnan and his friends—Athos, Porthos, and Aramis. This installment delves into their lives twenty years after the original tale, exploring themes of friendship, loyalty, and political intrigue against the backdrop of a tumultuous France.  At the start of \"Twenty Years After,\" the reader is introduced to the political discontent in France following the death of Cardinal Richelieu. Cardinal Mazarin, his successor, finds himself in troubling times marked by public outrage against the government. The opening scene is set in the Palais Royal where Mazarin contemplates his precarious position amidst rising unrest. We witness D’Artagnan, now older but no less courageous, as he prepares to navigate this new political landscape. The narrative unveils immediate tensions as D’Artagnan is called to assist Mazarin, and we see hints of past friendships and alliances which will come into play as tensions rise. This opening part lays the groundwork for an epic blend of action, political maneuvering, and the enduring camaraderie of the central characters. (This is an automatically generated summary.)"
      ],
      "editors": [],
      "translators": [],
      "subjects": [
        "France -- History -- Louis XIV, 1643-1715 -- Fiction"
      ],
      "bookshelves": [
        "Adventure",
        "Category: Adventure",
        "Category: French Literature",
        "Category: Historical Novels",
        "Category: Novels",
        "Historical Fiction",
        "Movie Books"
      ],
      "languages": [
        "en"
      ],
      "copyright": false,
      "media_type": "Text",
      "formats": {
        "text/html": "https://www.gutenberg.org/ebooks/1259.html.images",
        "application/epub+zip": "https://www.gutenberg.org/ebooks/1259.epub3.images",
        "application/x-mobipocket-ebook": "https://www.gutenberg.org/ebooks/1259.kf8.images",
        "text/plain; charset=us-ascii": "https://www.gutenberg.org/ebooks/1259.txt.utf-8",
        "application/rdf+xml": "https://www.gutenberg.org/ebooks/1259.rdf",
        "image/jpeg": "https://www.gutenberg.org/cache/epub/1259/pg1259.cover.medium.jpg",
        "application/octet-stream": "https://www.gutenberg.org/cache/epub/1259/pg1259-h.zip"
      },
      "download_count": 43106
    },
    {
      "id": 2160,
      "title": "The Expedition of Humphry Clinker",
      "authors": [
        {
          "name": "Smollett, T. (Tobias)",
          "birth_year": 1721,
          "death_year": 1771
        }
      ],
      "summaries": [
        "\"The Expedition of Humphry Clinker\" by Tobias Smollett is a novel written during the mid-18th century. This humorous work explores the journey and misadventures of the Bramble family and their companions as they travel through Wales and England, providing a satirical glimpse into the social and cultural life of the time. The story is primarily told through a series of letters, offering a diverse range of perspectives from its characters, including the hypochondriac Matthew Bramble and his lively niece, Lydia Melford.  The opening of the novel introduces several key characters through a series of letters among various recipients. The narrative begins with Jonathan Dustwich, who writes to Mr. Henry Davis about his plans to publish a collection of letters, asserting the importance of their content. We also meet Matthew Bramble, who expresses his ailments and frustrations with familial responsibilities, alluding to troublesome interactions with his niece’s romantic interests. As they prepare for a trip to the Hot Well in Bristol, the Bramble family’s dynamic begins to unfold, hinting at both familial loyalty and the conflicts that arise from their contrasting personalities. Ultimately, the beginning sets the stage for a blend of comedy, social commentary, and insight into human relationships throughout their journey. (This is an automatically generated summary.)"
      ],
      "editors": [],
      "translators": [],
      "subjects": [
        "Epistolary fiction",
        "Great Britain -- Fiction",
        "Travelers -- Fiction"
      ],
      "bookshelves": [
        "Best Books Ever Listings",
        "Category: British Literature",
        "Category: Classics of Literature",
        "Category: Essays, Letters & Speeches",
        "Category: Humour",
        "Category: Novels",
        "Category: Travel Writing",
        "Historical Fiction"
      ],
      "languages": [
        "en"
      ],
      "copyright": false,
      "media_type": "Text",
      "formats": {
        "text/html": "https://www.gutenberg.org/ebooks/2160.html.images",
        "application/epub+zip": "https://www.gutenberg.org/ebooks/2160.epub3.images",
        "application/x-mobipocket-ebook": "https://www.gutenberg.org/ebooks/2160.kf8.images",
        "text/plain; charset=us-ascii": "https://www.gutenberg.org/ebooks/2160.txt.utf-8",
        "application/rdf+xml": "https://www.gutenberg.org/ebooks/2160.rdf",
        "image/jpeg": "https://www.gutenberg.org/cache/epub/2160/pg2160.cover.medium.jpg",
        "application/octet-stream": "https://www.gutenberg.org/cache/epub/2160/pg2160-h.zip"
      },
      "download_count": 43000
    },
    {
      "id": 1080,
      "title": "A Modest Proposal: For preventing the children of poor people in Ireland, from being a burden on their parents or country, and for making them beneficial to the publick",
      "authors": [
        {
          "name": "Swift, Jonathan",
          "birth_year": 1667,
          "death_year": 1745
        }
      ],
      "summaries": [
        "\"A Modest Proposal\" by Jonathan Swift is a satirical essay written in the early 18th century. This work is a classic example of political satire and addresses the dire circumstances faced by the poor in Ireland during that period. The essay presents a shocking and extreme solution to poverty and overpopulation, proposing that impoverished Irish families sell their children as food to the wealthy.  In this ironic treatise, Swift employs a calm and logical tone to suggest that the solution to the plight of poor Irish mothers and their numerous children lies in the consumption of infants. He meticulously calculates the benefits of his proposal, including the economic advantages for families and the reduction of poverty. The essay critiques the British government’s neglect of the Irish population and the dehumanizing effects of colonialism, illustrating the absurdity of the social and economic conditions that lead to such a monstrous idea. Through this startling argument, Swift encourages readers to reflect on the inhumane treatment of the lower classes and the moral responsibilities of society. (This is an automatically generated summary.)"
      ],
      "editors": [],
      "translators": [],
      "subjects": [
        "Ireland -- Politics and government -- 18th century -- Humor",
        "Political satire, English",
        "Religious satire, English"
      ],
      "bookshelves": [
        "Category: British Literature",
        "Category: Classics of Literature",
        "Category: Essays, Letters & Speeches"
      ],
      "languages": [
        "en"
      ],
      "copyright": false,
      "media_type": "Text",
      "formats": {
        "text/html": "https://www.gutenberg.org/ebooks/1080.html.images",
        "application/epub+zip": "https://www.gutenberg.org/ebooks/1080.epub3.images",
        "application/x-mobipocket-ebook": "https://www.gutenberg.org/ebooks/1080.kf8.images",
        "text/plain; charset=us-ascii": "https://www.gutenberg.org/ebooks/1080.txt.utf-8",
        "application/rdf+xml": "https://www.gutenberg.org/ebooks/1080.rdf",
        "image/jpeg": "https://www.gutenberg.org/cache/epub/1080/pg1080.cover.medium.jpg",
        "application/octet-stream": "https://www.gutenberg.org/cache/epub/1080/pg1080-h.zip"
      },
      "download_count": 42253
    },
    {
      "id": 6593,
      "title": "History of Tom Jones, a Foundling",
      "authors": [
        {
          "name": "Fielding, Henry",
          "birth_year": 1707,
          "death_year": 1754
        }
      ],
      "summaries": [
        "\"The History of Tom Jones, A Foundling\" by Henry Fielding is a novel written in the early 18th century. The narrative revolves around the life of Tom Jones, a foundling raised by the benevolent Squire Allworthy, exploring themes of morality, love, and social class. The story is rich in characters and details, illustrating the intricacies of human nature and society’s response to vice and virtue.  At the start of the novel, Fielding introduces Squire Allworthy as a compassionate and virtuous landowner who returns home from London to discover an infant boy, Tom, wrapped in linens in his bed. This event sets the stage for Tom's upbringing, as Allworthy decides to raise him as his own, despite the stigma attached to his illegitimate birth. The narrative also includes a humorous and philosophical commentary on human nature, inviting the reader to reflect on the follies and virtues of society through the interactions of characters like Allworthy, his sister Bridget, and the housekeeper Deborah. As Allworthy navigates the challenges of incorporating Tom into his life, the novel presents an exploration of how society views morality, innocence, and the social implications of being a \"bastard\" in a judgmental world. (This is an automatically generated summary.)"
      ],
      "editors": [],
      "translators": [],
      "subjects": [
        "Bildungsromans",
        "England -- Fiction",
        "Foundlings -- Fiction",
        "Humorous stories",
        "Identity (Psychology) -- Fiction",
        "Young men -- Fiction"
      ],
      "bookshelves": [
        "Banned Books from Anne Haight's list",
        "Best Books Ever Listings",
        "Category: British Literature",
        "Category: Classics of Literature",
        "Category: Novels",
        "Harvard Classics",
        "Movie Books"
      ],
      "languages": [
        "en"
      ],
      "copyright": false,
      "media_type": "Text",
      "formats": {
        "text/html": "https://www.gutenberg.org/ebooks/6593.html.images",
        "application/epub+zip": "https://www.gutenberg.org/ebooks/6593.epub3.images",
        "application/x-mobipocket-ebook": "https://www.gutenberg.org/ebooks/6593.kf8.images",
        "text/plain; charset=us-ascii": "https://www.gutenberg.org/ebooks/6593.txt.utf-8",
        "application/rdf+xml": "https://www.gutenberg.org/ebooks/6593.rdf",
        "image/jpeg": "https://www.gutenberg.org/cache/epub/6593/pg6593.cover.medium.jpg",
        "application/octet-stream": "https://www.gutenberg.org/files/6593/6593-0.zip"
      },
      "download_count": 42221
    },
    {
      "id": 4085,
      "title": "The Adventures of Roderick Random",
      "authors": [
        {
          "name": "Smollett, T. (Tobias)",
          "birth_year": 1721,
          "death_year": 1771
        }
      ],
      "summaries": [
        "\"The Adventures of Roderick Random\" by Tobias Smollett is a novel written in the early 18th century. The book follows the life and misadventures of Roderick Random, an orphan navigating a world rife with challenges, cruelty, and injustice. As he grows from a neglected child into a young man, Roderick's journey is marked by both comedic elements and social satire.  At the start of the novel, Roderick Random recounts his difficult birth into a life of hardship, beginning with the aversion of his wealthy grandfather to his parents' union. The narrative unfolds through a vivid portrayal of Roderick's childhood, where he faces animosity from his relatives and mistreatment at school. Despite his hardships, Roderick displays resilience and cunning, emboldened by friendships with fellow outcasts. He breaks free from his grim circumstances upon moving to a new setting, where an encounter with his uncle leads him to a supportive environment, setting the stage for his future adventures. Throughout this opening, readers are introduced to a world filled with humor, familial conflict, and early struggles as Roderick seeks a better existence amid adversity. (This is an automatically generated summary.)"
      ],
      "editors": [],
      "translators": [],
      "subjects": [
        "England -- Fiction",
        "Impressment -- Fiction",
        "Picaresque literature",
        "Rogues and vagabonds -- Fiction",
        "Sailors -- Fiction",
        "Scots -- England -- Fiction",
        "Sea stories",
        "Warships -- Fiction"
      ],
      "bookshelves": [
        "Best Books Ever Listings",
        "Category: British Literature",
        "Category: Novels",
        "Historical Fiction"
      ],
      "languages": [
        "en"
      ],
      "copyright": false,
      "media_type": "Text",
      "formats": {
        "text/html": "https://www.gutenberg.org/ebooks/4085.html.images",
        "application/epub+zip": "https://www.gutenberg.org/ebooks/4085.epub3.images",
        "application/x-mobipocket-ebook": "https://www.gutenberg.org/ebooks/4085.kf8.images",
        "text/plain; charset=us-ascii": "https://www.gutenberg.org/ebooks/4085.txt.utf-8",
        "application/rdf+xml": "https://www.gutenberg.org/ebooks/4085.rdf",
        "image/jpeg": "https://www.gutenberg.org/cache/epub/4085/pg4085.cover.medium.jpg",
        "application/octet-stream": "https://www.gutenberg.org/files/4085/4085-0.zip"
      },
      "download_count": 41988
    },
    {
      "id": 5197,
      "title": "My Life — Volume 1",
      "authors": [
        {
          "name": "Wagner, Richard",
          "birth_year": 1813,
          "death_year": 1883
        }
      ],
      "summaries": [
        "\"My Life — Volume 1\" by Richard Wagner is an autobiographical work written in the mid-19th century. This volume details the early years and formative experiences of the famed composer, from his childhood in Leipzig to his early professional endeavors around 1842. The book reflects on Wagner's family background, his introduction to music, and the influences that shaped his artistic journey.  The opening of this autobiographical account begins with Wagner’s birth and the immediate aftermath of his father's death, which left his family in difficult circumstances. He describes his stepfather's pivotal role in his upbringing and education, as well as the vibrant cultural environment he was immersed in, including his early encounters with the theatre and music. Throughout the narrative, Wagner recounts his childhood memories, the struggles with education, and the blossoming of his musical talent, which ultimately sets the stage for his future career as a composer. The reader is drawn into the emotions and aspirations of a young artist at the brink of discovering his calling, with significant events, relationships, and sentiments foreshadowing the remarkable life he would lead. (This is an automatically generated summary.)"
      ],
      "editors": [],
      "translators": [],
      "subjects": [
        "Composers -- Germany -- Biography",
        "Wagner, Richard, 1813-1883"
      ],
      "bookshelves": [
        "Category: Biographies",
        "Category: Music"
      ],
      "languages": [
        "en"
      ],
      "copyright": false,
      "media_type": "Text",
      "formats": {
        "text/html": "https://www.gutenberg.org/ebooks/5197.html.images",
        "application/epub+zip": "https://www.gutenberg.org/ebooks/5197.epub3.images",
        "application/x-mobipocket-ebook": "https://www.gutenberg.org/ebooks/5197.kf8.images",
        "text/plain; charset=us-ascii": "https://www.gutenberg.org/ebooks/5197.txt.utf-8",
        "application/rdf+xml": "https://www.gutenberg.org/ebooks/5197.rdf",
        "image/jpeg": "https://www.gutenberg.org/cache/epub/5197/pg5197.cover.medium.jpg",
        "application/octet-stream": "https://www.gutenberg.org/files/5197/5197-0.zip"
      },
      "download_count": 41711
    },
    {
      "id": 6761,
      "title": "The Adventures of Ferdinand Count Fathom — Complete",
      "authors": [
        {
          "name": "Smollett, T. (Tobias)",
          "birth_year": 1721,
          "death_year": 1771
        }
      ],
      "summaries": [
        "\"The Adventures of Ferdinand Count Fathom\" by Tobias Smollett is a satirical novel written in the mid-18th century. The narrative follows the cunning and morally ambiguous character of Ferdinand Count Fathom, a man of mysterious parentage armed with an extraordinary talent for deception and manipulation. The story sets the stage for themes of vice and virtue, exploring Fathom’s escapades and schemes as he navigates a world ripe for exploitation.  The opening of the novel introduces Fathom in an unusual light—born under strange circumstances to a mother who flitted between roles in military encampments and armies. We explore the early influence of his mother, an adventurous and fierce figure whose exploits paint a picture of a wild and unrestrained environment. As Fathom grows, he exhibits a blend of charisma and villainy, drawing the attention of powerful patrons while developing ambitions of his own. With a sharp wit and an ability to adapt, he becomes both an object of admiration and contempt, preparing the reader for a complex journey through deceit, ambition, and the nature of morality. (This is an automatically generated summary.)"
      ],
      "editors": [],
      "translators": [],
      "subjects": [
        "Adventure stories",
        "Gothic fiction"
      ],
      "bookshelves": [
        "Best Books Ever Listings",
        "Category: British Literature",
        "Category: Novels"
      ],
      "languages": [
        "en"
      ],
      "copyright": false,
      "media_type": "Text",
      "formats": {
        "text/html": "https://www.gutenberg.org/ebooks/6761.html.images",
        "application/epub+zip": "https://www.gutenberg.org/ebooks/6761.epub3.images",
        "application/x-mobipocket-ebook": "https://www.gutenberg.org/ebooks/6761.kf8.images",
        "text/plain; charset=us-ascii": "https://www.gutenberg.org/ebooks/6761.txt.utf-8",
        "application/rdf+xml": "https://www.gutenberg.org/ebooks/6761.rdf",
        "image/jpeg": "https://www.gutenberg.org/cache/epub/6761/pg6761.cover.medium.jpg",
        "application/octet-stream": "https://www.gutenberg.org/cache/epub/6761/pg6761-h.zip"
      },
      "download_count": 41681
    },
    {
      "id": 394,
      "title": "Cranford",
      "authors": [
        {
          "name": "Gaskell, Elizabeth Cleghorn",
          "birth_year": 1810,
          "death_year": 1865
        }
      ],
      "summaries": [
        "\"Cranford\" by Elizabeth Cleghorn Gaskell is a novel written in the mid-19th century. The story unfolds in a small English village dominated by women, where men are conspicuously absent from social life. The narrative is rich with observations about the peculiar rituals, customs, and dynamics of the tight-knit community, primarily focusing on the lives of its female inhabitants, including the amiable and kind-hearted Miss Matty and the spirited Captain Brown, who disrupts their tranquil existence.  At the start of \"Cranford,\" we are introduced to the unique social structure of the village, characterized by its predominantly female residents who manage their affairs without the presence of men, aside from the occasional visitor. The opening chapter humorously details the societal norms and the unspoken rules that govern interactions, such as visiting etiquette and the preference for economy over ostentation. Key characters like the gentle Miss Matty and the charismatic Captain Brown are introduced, hinting at a deeper exploration of human relationships and character development as the story progresses. Through the eyes of the narrator, the reader gets a glimpse into the endearing quirks and camaraderie of the Cranford community, setting the stage for the unfolding tales of friendship, love, and social commentary that define this charming novel. (This is an automatically generated summary.)"
      ],
      "editors": [],
      "translators": [],
      "subjects": [
        "England -- Fiction",
        "Female friendship -- Fiction",
        "Older women -- Fiction",
        "Pastoral fiction",
        "Sisters -- Fiction",
        "Villages -- Fiction"
      ],
      "bookshelves": [
        "Category: British Literature",
        "Category: Novels"
      ],
      "languages": [
        "en"
      ],
      "copyright": false,
      "media_type": "Text",
      "formats": {
        "text/html": "https://www.gutenberg.org/ebooks/394.html.images",
        "application/epub+zip": "https://www.gutenberg.org/ebooks/394.epub3.images",
        "application/x-mobipocket-ebook": "https://www.gutenberg.org/ebooks/394.kf8.images",
        "text/plain; charset=us-ascii": "https://www.gutenberg.org/ebooks/394.txt.utf-8",
        "application/rdf+xml": "https://www.gutenberg.org/ebooks/394.rdf",
        "image/jpeg": "https://www.gutenberg.org/cache/epub/394/pg394.cover.medium.jpg",
        "application/octet-stream": "https://www.gutenberg.org/files/394/394-0.zip"
      },
      "download_count": 41365
    },
    {
      "id": 26184,
      "title": "Simple Sabotage Field Manual",
      "authors": [
        {
          "name": "United States. Office of Strategic Services",
          "birth_year": null,
          "death_year": null
        }
      ],
      "summaries": [
        "\"Simple Sabotage Field Manual\" by United States. Office of Strategic Services is a historical publication written during the early 1940s, amid World War II. This manual acts as a guide for ordinary civilians to conduct simple acts of sabotage against enemy operations without the need for specialized training or equipment. Its main topic revolves around promoting small, accessible forms of resistance that could collectively disrupt the enemy's war effort.  The manual outlines various strategies and techniques for citizens to engage in sabotage that could be executed discreetly and with minimal risk. It provides specific suggestions for targeting transportation, communication, and industrial facilities to create delays and inefficiencies in enemy operations. The manual emphasizes the power of many individuals acting independently to contribute to a larger campaign of disruption, encouraging simple acts such as misplacing tools, delaying communication, or damaging equipment with household items. Overall, the \"Simple Sabotage Field Manual\" serves as a unique historical artifact that illustrates grassroots resistance efforts and the belief in the collective power of ordinary people during wartime. (This is an automatically generated summary.)"
      ],
      "editors": [],
      "translators": [],
      "subjects": [
        "Sabotage"
      ],
      "bookshelves": [
        "Category: History - Modern (1750+)",
        "Category: History - Warfare"
      ],
      "languages": [
        "en"
      ],
      "copyright": false,
      "media_type": "Text",
      "formats": {
        "text/html": "https://www.gutenberg.org/ebooks/26184.html.images",
        "application/epub+zip": "https://www.gutenberg.org/ebooks/26184.epub3.images",
        "application/x-mobipocket-ebook": "https://www.gutenberg.org/ebooks/26184.kf8.images",
        "text/plain; charset=us-ascii": "https://www.gutenberg.org/ebooks/26184.txt.utf-8",
        "application/rdf+xml": "https://www.gutenberg.org/ebooks/26184.rdf",
        "image/jpeg": "https://www.gutenberg.org/cache/epub/26184/pg26184.cover.medium.jpg",
        "application/octet-stream": "https://www.gutenberg.org/cache/epub/26184/pg26184-h.zip"
      },
      "download_count": 41036
    },
    {
      "id": 174,
      "title": "The Picture of Dorian Gray",
      "authors": [
        {
          "name": "Wilde, Oscar",
          "birth_year": 1854,
          "death_year": 1900
        }
      ],
      "summaries": [
        "\"The Picture of Dorian Gray\" by Oscar Wilde is a novel written during the late 19th century. The story explores themes of art, beauty, and morality, centering on the life of a young man named Dorian Gray, who becomes entranced by his own beauty and the hedonistic philosophies of Lord Henry Wotton. As Dorian gains fame and pleasure through his youthful looks, he grapples with the implications of vanity and the cost of immortality.  At the start of the novel, we are introduced to Lord Henry Wotton and the artist Basil Hallward, who has painted a stunning portrait of Dorian Gray. Basil is deeply enamored with Dorian's beauty and harbors a secret affection for him. The opening chapters establish the dynamic between Lord Henry's cynical worldview and Basil's idealism, culminating in Dorian's arrival in the studio. Dorian's first encounter with Lord Henry sparks a transformative moment; as they converse, Dorian is exposed to Henry’s hedonistic philosophies, which shape his perception of beauty and life. The chapter sets a tone that hints at the foreboding price Dorian may pay for his fascination with youth and aesthetic pleasure. (This is an automatically generated summary.)"
      ],
      "editors": [],
      "translators": [],
      "subjects": [
        "Appearance (Philosophy) -- Fiction",
        "Conduct of life -- Fiction",
        "Didactic fiction",
        "Great Britain -- History -- Victoria, 1837-1901 -- Fiction",
        "London (England) -- History -- 1800-1950 -- Fiction",
        "Paranormal fiction",
        "Portraits -- Fiction",
        "Supernatural -- Fiction"
      ],
      "bookshelves": [
        "Category: British Literature",
        "Category: Classics of Literature",
        "Category: Novels",
        "Gothic Fiction",
        "Movie Books"
      ],
      "languages": [
        "en"
      ],
      "copyright": false,
      "media_type": "Text",
      "formats": {
        "text/html": "https://www.gutenberg.org/ebooks/174.html.images",
        "application/epub+zip": "https://www.gutenberg.org/ebooks/174.epub3.images",
        "application/x-mobipocket-ebook": "https://www.gutenberg.org/ebooks/174.kf8.images",
        "text/plain; charset=us-ascii": "https://www.gutenberg.org/ebooks/174.txt.utf-8",
        "application/rdf+xml": "https://www.gutenberg.org/ebooks/174.rdf",
        "image/jpeg": "https://www.gutenberg.org/cache/epub/174/pg174.cover.medium.jpg",
        "application/octet-stream": "https://www.gutenberg.org/cache/epub/174/pg174-h.zip"
      },
      "download_count": 40031
    },
    {
      "id": 2554,
      "title": "Crime and Punishment",
      "authors": [
        {
          "name": "Dostoyevsky, Fyodor",
          "birth_year": 1821,
          "death_year": 1881
        }
      ],
      "summaries": [
        "\"Crime and Punishment\" by Fyodor Dostoyevsky is a novel written in the mid-19th century. The story delves into the psychological turmoil of its main character, Rodion Raskolnikov, a former student living in extreme poverty in St. Petersburg, as he grapples with morality, guilt, and the nature of crime. Raskolnikov's internal struggles and rationalizations set the stage for a broader exploration of existential questions and the consequences of one's choices.  At the start of the novel, readers are introduced to Raskolnikov, who, on a sweltering July evening, leaves his cramped garret, fueled by a mix of fear and dread. He is acutely aware of his troubled finances, particularly his debts to his landlady, which cultivate a sense of isolation and despair. As he wanders through the city's pungent streets, he reflects on his own cowardice and impotence while contemplating a deeply disturbing act he is contemplating. The opening scene captures Raskolnikov's increasingly fraught mental state, portraying him as both an intellectual and a tormented soul. Eventually, he visits an old pawnbroker, Alyona Ivanovna, where an unsettling encounter begins to unfold, hinting at the drastic actions he is considering. (This is an automatically generated summary.)"
      ],
      "editors": [],
      "translators": [
        {
          "name": "Garnett, Constance",
          "birth_year": 1861,
          "death_year": 1946
        }
      ],
      "subjects": [
        "Crime -- Psychological aspects -- Fiction",
        "Detective and mystery stories",
        "Murder -- Fiction",
        "Psychological fiction",
        "Saint Petersburg (Russia) -- Fiction"
      ],
      "bookshelves": [
        "Best Books Ever Listings",
        "Category: Classics of Literature",
        "Category: Crime, Thrillers and Mystery",
        "Category: Novels",
        "Category: Russian Literature",
        "Crime Fiction",
        "Harvard Classics"
      ],
      "languages": [
        "en"
      ],
      "copyright": false,
      "media_type": "Text",
      "formats": {
        "text/html": "https://www.gutenberg.org/ebooks/2554.html.images",
        "application/epub+zip": "https://www.gutenberg.org/ebooks/2554.epub3.images",
        "application/x-mobipocket-ebook": "https://www.gutenberg.org/ebooks/2554.kf8.images",
        "text/plain; charset=us-ascii": "https://www.gutenberg.org/ebooks/2554.txt.utf-8",
        "application/rdf+xml": "https://www.gutenberg.org/ebooks/2554.rdf",
        "image/jpeg": "https://www.gutenberg.org/cache/epub/2554/pg2554.cover.medium.jpg",
        "application/octet-stream": "https://www.gutenberg.org/cache/epub/2554/pg2554-h.zip"
      },
      "download_count": 39668
    },
    {
      "id": 76,
      "title": "Adventures of Huckleberry Finn",
      "authors": [
        {
          "name": "Twain, Mark",
          "birth_year": 1835,
          "death_year": 1910
        }
      ],
      "summaries": [
        "\"Adventures of Huckleberry Finn\" by Mark Twain is a novel likely written in the late 19th century. The book explores the adventures of a young boy named Huckleberry Finn as he grapples with themes of freedom, morality, and societal expectations against the backdrop of the pre-Civil War American South. The narrative takes place as Huck escapes his restrictive life and embarks on a journey down the Mississippi River, where he encounters various characters that challenge his understanding of right and wrong.  The opening of the book introduces Huck Finn, the protagonist, reflecting on his life before the events of the story, specifically referencing his previous adventures with Tom Sawyer. Huck describes his uncomfortable life with the Widow Douglas, who is trying to civilize him, and informs the reader about his father's abusive behavior and his desire to escape. The groundwork is laid for his quest for freedom and individuality, as he is soon joined by Jim, a runaway slave, hinting at the deeper moral complexities that will unfold throughout their journey. The tone is light-hearted yet critical, establishing Huck's voice and his perspective on the absurdities of societal norms. (This is an automatically generated summary.)"
      ],
      "editors": [],
      "translators": [],
      "subjects": [
        "Adventure stories",
        "Bildungsromans",
        "Boys -- Fiction",
        "Finn, Huckleberry (Fictitious character) -- Fiction",
        "Fugitive slaves -- Fiction",
        "Humorous stories",
        "Male friendship -- Fiction",
        "Mississippi River -- Fiction",
        "Missouri -- Fiction",
        "Race relations -- Fiction",
        "Runaway children -- Fiction"
      ],
      "bookshelves": [
        "Banned Books List from the American Library Association",
        "Banned Books from Anne Haight's list",
        "Best Books Ever Listings",
        "Category: Adventure",
        "Category: American Literature",
        "Category: Classics of Literature",
        "Category: Novels"
      ],
      "languages": [
        "en"
      ],
      "copyright": false,
      "media_type": "Text",
      "formats": {
        "text/html": "https://www.gutenberg.org/ebooks/76.html.images",
        "application/epub+zip": "https://www.gutenberg.org/ebooks/76.epub3.images",
        "application/x-mobipocket-ebook": "https://www.gutenberg.org/ebooks/76.kf8.images",
        "text/plain; charset=us-ascii": "https://www.gutenberg.org/ebooks/76.txt.utf-8",
        "application/rdf+xml": "https://www.gutenberg.org/ebooks/76.rdf",
        "image/jpeg": "https://www.gutenberg.org/cache/epub/76/pg76.cover.medium.jpg",
        "application/octet-stream": "https://www.gutenberg.org/cache/epub/76/pg76-h.zip"
      },
      "download_count": 38060
    },
    {
      "id": 1232,
      "title": "The Prince",
      "authors": [
        {
          "name": "Machiavelli, Niccolò",
          "birth_year": 1469,
          "death_year": 1527
        }
      ],
      "summaries": [
        "\"The Prince\" by Niccolò Machiavelli is a political treatise written during the early 16th century. This influential work explores the nature of power and governance, offering pragmatic advice to rulers on how to maintain control of their principalities. Machiavelli addresses various types of principalities, their acquisition, and the methods necessary for governing them effectively, inviting readers to navigate the complexities of political leadership with a sense of realism.  At the start of \"The Prince,\" Machiavelli introduces the concept of principalities, categorizing them into hereditary and new, and discusses the varied challenges each type presents. He reflects on historical examples to illustrate his points, asserting that new rulers often face difficulties in gaining the loyalty of their subjects. Moreover, he emphasizes the necessity for rulers to understand the importance of adapting their governance strategies based on the specific nature of their states and the expectations of their citizens. This opening sets the stage for the detailed analysis and practical strategies that will follow throughout the work, establishing a foundation for Machiavelli’s reputation as one of the founders of modern political science. (This is an automatically generated summary.)"
      ],
      "editors": [],
      "translators": [
        {
          "name": "Marriott, W. K. (William Kenaz)",
          "birth_year": null,
          "death_year": 1927
        }
      ],
      "subjects": [
        "Political ethics -- Early works to 1800",
        "Political science -- Philosophy -- Early works to 1800",
        "State, The -- Early works to 1800"
      ],
      "bookshelves": [
        "Banned Books from Anne Haight's list",
        "Category: History - Early Modern (c. 1450-1750)",
        "Category: Philosophy & Ethics",
        "Category: Politics",
        "Harvard Classics",
        "Philosophy",
        "Politics"
      ],
      "languages": [
        "en"
      ],
      "copyright": false,
      "media_type": "Text",
      "formats": {
        "text/html": "https://www.gutenberg.org/ebooks/1232.html.images",
        "application/epub+zip": "https://www.gutenberg.org/ebooks/1232.epub3.images",
        "application/x-mobipocket-ebook": "https://www.gutenberg.org/ebooks/1232.kf8.images",
        "text/plain; charset=us-ascii": "https://www.gutenberg.org/ebooks/1232.txt.utf-8",
        "application/rdf+xml": "https://www.gutenberg.org/ebooks/1232.rdf",
        "image/jpeg": "https://www.gutenberg.org/cache/epub/1232/pg1232.cover.medium.jpg",
        "application/octet-stream": "https://www.gutenberg.org/cache/epub/1232/pg1232-h.zip"
      },
      "download_count": 37432
    },
    {
      "id": 7370,
      "title": "Second Treatise of Government",
      "authors": [
        {
          "name": "Locke, John",
          "birth_year": 1632,
          "death_year": 1704
        }
      ],
      "summaries": [
        "\"Second Treatise of Government\" by John Locke is a foundational philosophical text concerning political theory, published in the late 17th century. The treatise critiques the divine right of kings and presents the concept of government by consent, positing the importance of individual rights and the role of the state in protecting these rights.   The opening of the treatise sets the stage for Locke's arguments against the patriarchal forms of authority upheld by proponents of Sir Robert Filmer. Locke asserts that Adam did not possess inherent authority over his progeny and challenges the legitimacy of rulers who base their power on ancestral succession. He introduces key ideas regarding the state of nature, the role of consent in political authority, and the need for a civil society to maintain order and property rights. Locke emphasizes that individuals are born equal and free and that political power should derive from the collective agreement of those governed, aiming primarily for the public good. (This is an automatically generated summary.)"
      ],
      "editors": [],
      "translators": [],
      "subjects": [
        "Liberty -- Early works to 1800",
        "Political science -- Early works to 1800",
        "Toleration -- Early works to 1800"
      ],
      "bookshelves": [
        "Category: History - Early Modern (c. 1450-1750)",
        "Category: Philosophy & Ethics",
        "Category: Politics",
        "Philosophy",
        "Politics"
      ],
      "languages": [
        "en"
      ],
      "copyright": false,
      "media_type": "Text",
      "formats": {
        "text/html": "https://www.gutenberg.org/ebooks/7370.html.images",
        "application/epub+zip": "https://www.gutenberg.org/ebooks/7370.epub3.images",
        "application/x-mobipocket-ebook": "https://www.gutenberg.org/ebooks/7370.kf8.images",
        "text/plain; charset=us-ascii": "https://www.gutenberg.org/ebooks/7370.txt.utf-8",
        "application/rdf+xml": "https://www.gutenberg.org/ebooks/7370.rdf",
        "image/jpeg": "https://www.gutenberg.org/cache/epub/7370/pg7370.cover.medium.jpg",
        "application/octet-stream": "https://www.gutenberg.org/files/7370/7370-0.zip"
      },
      "download_count": 37325
    },
    {
      "id": 7241,
      "title": "Fables of La Fontaine — a New Edition, with Notes",
      "authors": [
        {
          "name": "La Fontaine, Jean de",
          "birth_year": 1621,
          "death_year": 1695
        }
      ],
      "summaries": [
        "\"The Fables of La Fontaine\" by Jean de La Fontaine is a collection of fables written during the 17th century, renowned for their moral lessons and insightful commentary on human nature. This enduring work features a range of allegorical characters such as animals, each representing different facets of society, used to convey profound truths about human behavior and ethics, often through wit and humor.  At the start of this edition, the translator Elizur Wright explains the historical context and significance of La Fontaine's work, marking its essential contribution to fable literature. The introductory fables, such as \"The Grasshopper and the Ant\" and \"The Raven and the Fox,\" showcase La Fontaine’s skill in intertwining entertainment with moral lessons, as characters navigate decisions that highlight virtues like hard work, prudence, and the hazards of vanity. A consistent theme throughout is the exploration of societal norms and personal choices, making these fables resonate with readers of all ages and backgrounds. (This is an automatically generated summary.)"
      ],
      "editors": [],
      "translators": [
        {
          "name": "Wright, Elizur",
          "birth_year": 1804,
          "death_year": 1885
        }
      ],
      "subjects": [
        "Fables, French -- Translations into English"
      ],
      "bookshelves": [
        "Category: Classics of Literature",
        "Category: French Literature",
        "Category: Mythology, Legends & Folklore"
      ],
      "languages": [
        "en"
      ],
      "copyright": false,
      "media_type": "Text",
      "formats": {
        "text/html": "https://www.gutenberg.org/ebooks/7241.html.images",
        "application/epub+zip": "https://www.gutenberg.org/ebooks/7241.epub3.images",
        "application/x-mobipocket-ebook": "https://www.gutenberg.org/ebooks/7241.kf8.images",
        "text/plain; charset=us-ascii": "https://www.gutenberg.org/ebooks/7241.txt.utf-8",
        "application/rdf+xml": "https://www.gutenberg.org/ebooks/7241.rdf",
        "image/jpeg": "https://www.gutenberg.org/cache/epub/7241/pg7241.cover.medium.jpg",
        "application/octet-stream": "https://www.gutenberg.org/files/7241/7241-8.zip"
      },
      "download_count": 37284
    }
  ]
}